country_name,type,product,flow,year,value,production_rank_in_year
Australia,Balance,Crude oil,Industrial Production,2021,18029.678,11.0
Austria,Balance,Crude oil,Industrial Production,2021,561.852,33.0
Belgium,Balance,Crude oil,Industrial Production,2021,0.0,54.5
Canada,Balance,Crude oil,Industrial Production,2021,266630.18,4.0
Chile,Balance,Crude oil,Industrial Production,2021,340.997,37.0
Czech Republic,Balance,Crude oil,Industrial Production,2021,87.0,40.0
Denmark,Balance,Crude oil,Industrial Production,2021,3239.0,17.0
Estonia,Balance,Crude oil,Industrial Production,2021,0.0,54.5
Finland,Balance,Crude oil,Industrial Production,2021,0.0,54.5
France,Balance,Crude oil,Industrial Production,2021,874.0,31.0
Germany,Balance,Crude oil,Industrial Production,2021,3085.15,19.0
Greece,Balance,Crude oil,Industrial Production,2021,58.754,42.0
Hungary,Balance,Crude oil,Industrial Production,2021,1095.0,23.0
Iceland,Balance,Crude oil,Industrial Production,2021,0.0,54.5
Ireland,Balance,Crude oil,Industrial Production,2021,0.0,54.5
Israel,Balance,Crude oil,Industrial Production,2021,168.0,39.0
Italy,Balance,Crude oil,Industrial Production,2021,5831.078,13.0
Japan,Balance,Crude oil,Industrial Production,2021,383.249,35.0
South Korea,Balance,Crude oil,Industrial Production,2021,1078.892,25.0
Latvia,Balance,Crude oil,Industrial Production,2021,0.0,54.5
Lithuania,Balance,Crude oil,Industrial Production,2021,28.6,43.0
Luxembourg,Balance,Crude oil,Industrial Production,2021,0.0,54.5
Mexico,Balance,Crude oil,Industrial Production,2021,95425.431,6.0
Netherlands,Balance,Crude oil,Industrial Production,2021,1121.065,22.0
Norway,Balance,Crude oil,Industrial Production,2021,95055.743,7.0
New Zealand,Balance,Crude oil,Industrial Production,2021,975.0,26.0
Poland,Balance,Crude oil,Industrial Production,2021,895.294,28.0
Portugal,Balance,Crude oil,Industrial Production,2021,0.0,54.5
Slovakia,Balance,Crude oil,Industrial Production,2021,4.557,46.0
Slovenia,Balance,Crude oil,Industrial Production,2021,0.0,54.5
Spain,Balance,Crude oil,Industrial Production,2021,5.816,45.0
Sweden,Balance,Crude oil,Industrial Production,2021,0.0,54.5
Switzerland,Balance,Crude oil,Industrial Production,2021,0.0,54.5
Türkiye,Balance,Crude oil,Industrial Production,2021,3441.66,16.0
United Kingdom,Balance,Crude oil,Industrial Production,2021,40865.0,9.0
United States,Balance,Crude oil,Industrial Production,2021,702512.0,2.0
Australia,Balance,Crude oil,Industrial Production,2021,16725.052,12.0
Austria,Balance,Crude oil,Industrial Production,2021,515.782,34.0
Canada,Balance,Crude oil,Industrial Production,2021,274365.886,3.0
Chile,Balance,Crude oil,Industrial Production,2021,378.02,36.0
Czech Republic,Balance,Crude oil,Industrial Production,2021,78.0,41.0
Denmark,Balance,Crude oil,Industrial Production,2021,3186.0,18.0
France,Balance,Crude oil,Industrial Production,2021,887.0,29.0
Germany,Balance,Crude oil,Industrial Production,2021,2917.057,20.0
Greece,Balance,Crude oil,Industrial Production,2021,0.0,54.5
Hungary,Balance,Crude oil,Industrial Production,2021,1080.0,24.0
Italy,Balance,Crude oil,Industrial Production,2021,5077.739,14.0
Japan,Balance,Crude oil,Industrial Production,2021,327.153,38.0
South Korea,Balance,Crude oil,Industrial Production,2021,1174.823,21.0
Lithuania,Balance,Crude oil,Industrial Production,2021,26.5,44.0
Mexico,Balance,Crude oil,Industrial Production,2021,95823.0,5.0
Netherlands,Balance,Crude oil,Industrial Production,2021,713.054,32.0
Norway,Balance,Crude oil,Industrial Production,2021,89970.464,8.0
New Zealand,Balance,Crude oil,Industrial Production,2021,875.0,30.0
Poland,Balance,Crude oil,Industrial Production,2021,901.99,27.0
Slovakia,Balance,Crude oil,Industrial Production,2021,2.143,47.0
Spain,Balance,Crude oil,Industrial Production,2021,0.912,48.0
Türkiye,Balance,Crude oil,Industrial Production,2021,3583.113,15.0
United Kingdom,Balance,Crude oil,Industrial Production,2021,37750.743,10.0
United States,Balance,Crude oil,Industrial Production,2021,749969.0,1.0
Australia,Balance,Crude oil,Industrial Production,2022,1469.537,6.0
Austria,Balance,Crude oil,Industrial Production,2022,41.264,17.0
Belgium,Balance,Crude oil,Industrial Production,2022,0.0,30.5
Canada,Balance,Crude oil,Industrial Production,2022,23736.898,2.0
Chile,Balance,Crude oil,Industrial Production,2022,29.395,18.0
Czech Republic,Balance,Crude oil,Industrial Production,2022,8.0,21.0
Denmark,Balance,Crude oil,Industrial Production,2022,248.0,9.0
Estonia,Balance,Crude oil,Industrial Production,2022,0.0,30.5
Finland,Balance,Crude oil,Industrial Production,2022,0.0,30.5
France,Balance,Crude oil,Industrial Production,2022,66.0,15.0
Germany,Balance,Crude oil,Industrial Production,2022,242.485,10.0
Greece,Balance,Crude oil,Industrial Production,2022,0.0,30.5
Hungary,Balance,Crude oil,Industrial Production,2022,94.0,12.0
Iceland,Balance,Crude oil,Industrial Production,2022,0.0,30.5
Ireland,Balance,Crude oil,Industrial Production,2022,0.0,30.5
Israel,Balance,Crude oil,Industrial Production,2022,14.0,20.0
Italy,Balance,Crude oil,Industrial Production,2022,406.72,7.0
Japan,Balance,Crude oil,Industrial Production,2022,27.859,19.0
South Korea,Balance,Crude oil,Industrial Production,2022,95.974,11.0
Latvia,Balance,Crude oil,Industrial Production,2022,0.0,30.5
Lithuania,Balance,Crude oil,Industrial Production,2022,2.2,22.0
Luxembourg,Balance,Crude oil,Industrial Production,2022,0.0,30.5
Mexico,Balance,Crude oil,Industrial Production,2022,8085.0,3.0
Netherlands,Balance,Crude oil,Industrial Production,2022,41.845,16.0
Norway,Balance,Crude oil,Industrial Production,2022,8035.956,4.0
New Zealand,Balance,Crude oil,Industrial Production,2022,72.0,14.0
Poland,Balance,Crude oil,Industrial Production,2022,81.101,13.0
Portugal,Balance,Crude oil,Industrial Production,2022,0.0,30.5
Slovakia,Balance,Crude oil,Industrial Production,2022,0.124,23.0
Slovenia,Balance,Crude oil,Industrial Production,2022,0.0,30.5
Spain,Balance,Crude oil,Industrial Production,2022,0.086,24.0
Sweden,Balance,Crude oil,Industrial Production,2022,0.0,30.5
Switzerland,Balance,Crude oil,Industrial Production,2022,0.0,30.5
Türkiye,Balance,Crude oil,Industrial Production,2022,322.391,8.0
United Kingdom,Balance,Crude oil,Industrial Production,2022,2997.0,5.0
United States,Balance,Crude oil,Industrial Production,2022,63868.0,1.0
Australia,Balance,Crude oil,Industrial Production,2023,1345.061,6.0
Austria,Balance,Crude oil,Industrial Production,2023,38.864,17.0
Belgium,Balance,Crude oil,Industrial Production,2023,0.0,31.0
Canada,Balance,Crude oil,Industrial Production,2023,25648.94,2.0
Chile,Balance,Crude oil,Industrial Production,2023,37.72,18.0
Czech Republic,Balance,Crude oil,Industrial Production,2023,6.0,21.0
Denmark,Balance,Crude oil,Industrial Production,2023,243.0,9.0
Estonia,Balance,Crude oil,Industrial Production,2023,0.0,31.0
Finland,Balance,Crude oil,Industrial Production,2023,0.0,31.0
France,Balance,Crude oil,Industrial Production,2023,94.0,13.0
Germany,Balance,Crude oil,Industrial Production,2023,238.652,10.0
Greece,Balance,Crude oil,Industrial Production,2023,5.0,22.0
Hungary,Balance,Crude oil,Industrial Production,2023,105.0,12.0
Iceland,Balance,Crude oil,Industrial Production,2023,0.0,31.0
Ireland,Balance,Crude oil,Industrial Production,2023,0.0,31.0
Israel,Balance,Crude oil,Industrial Production,2023,14.0,20.0
Italy,Balance,Crude oil,Industrial Production,2023,395.618,7.0
Japan,Balance,Crude oil,Industrial Production,2023,27.251,19.0
South Korea,Balance,Crude oil,Industrial Production,2023,105.545,11.0
Latvia,Balance,Crude oil,Industrial Production,2023,0.0,31.0
Lithuania,Balance,Crude oil,Industrial Production,2023,2.0,23.0
Luxembourg,Balance,Crude oil,Industrial Production,2023,0.0,31.0
Mexico,Balance,Crude oil,Industrial Production,2023,8257.0,4.0
Netherlands,Balance,Crude oil,Industrial Production,2023,58.477,16.0
Norway,Balance,Crude oil,Industrial Production,2023,8531.343,3.0
New Zealand,Balance,Crude oil,Industrial Production,2023,77.0,15.0
Poland,Balance,Crude oil,Industrial Production,2023,77.739,14.0
Portugal,Balance,Crude oil,Industrial Production,2023,0.0,31.0
Slovakia,Balance,Crude oil,Industrial Production,2023,0.124,25.0
Slovenia,Balance,Crude oil,Industrial Production,2023,0.0,31.0
Spain,Balance,Crude oil,Industrial Production,2023,0.138,24.0
Sweden,Balance,Crude oil,Industrial Production,2023,0.0,31.0
Switzerland,Balance,Crude oil,Industrial Production,2023,0.0,31.0
Türkiye,Balance,Crude oil,Industrial Production,2023,394.424,8.0
United Kingdom,Balance,Crude oil,Industrial Production,2023,2769.0,5.0
United States,Balance,Crude oil,Industrial Production,2023,71118.0,1.0
